Qvsn,Q(V)_100,Q(V)_10
1.0473936,-0.000481293,-0.000315893
1.0484043,-0.000435806,-0.000279457
1.0489931,-0.000392534,-0.000245011
1.0493331,-0.000351296,-0.000212347
1.0497673,-0.000311915,-0.000181259
1.0501264,-0.000274211,-0.00015154
1.0500704,-0.000238004,-0.000122983
1.0502619,-0.000203117,-9.54E-05
1.0504674,-0.00016937,-6.85E-05
1.0506839,-0.000136585,-4.22E-05
1.0507265,-0.000104581,-1.62E-05
1.0507106,-7.32E-05,9.60E-06
1.0508683,-4.22E-05,3.55E-05
1.0508605,-1.15E-05,6.17E-05
1.0509573,1.92E-05,8.84E-05
1.051035,5.00E-05,0.000115828
1.0508991,8.10E-05,0.00014413
1.0509989,0.000112578,0.000173544
1.0509865,0.000144768,0.000204264
1.050957,0.000177786,0.000236298
1.051139,0.000211812,0.000269503
1.051139,0.000246993,0.000303732
1.0512474,0.000283294,0.000338837
1.0514714,0.000320619,0.000374671
1.0514679,0.000358871,0.000411086
1.0515709,0.000397952,0.000447942
1.0515978,0.000437766,0.000485229
1.0514621,0.000478215,0.00052306
1.0515585,0.000519218,0.000561552
1.0514594,0.000560819,0.000600823
1.0515702,0.000603123,0.000640991
1.0514708,0.000646238,0.000682172
1.0514958,0.000690272,0.000724476
1.0514472,0.000735331,0.000767914
1.0513089,0.000781523,0.000812424
1.0514104,0.000828933,0.000857942
1.0513521,0.000877525,0.000904406
1.0512747,0.000927222,0.000951753
1.0511904,0.000977946,0.000999918
1.0512074,0.001029621,0.001048843
1.0512486,0.001082168,0.001098512
1.0512204,0.001135509,0.001148953
1.0511702,0.001189577,0.001200191
1.0511127,0.001244363,0.001252255
1.0511051,0.00129989,0.00130517
1.0511712,0.001356181,0.001358965
1.051091,0.001413258,0.001413666
1.0511503,0.001471144,0.001469291
1.0511497,0.001529861,0.001525856
1.0511173,0.001589436,0.001583377
1.0511059,0.001649934,0.00164187
1.0510563,0.001711433,0.00170135
1.0509559,0.001774014,0.001761834
1.0510446,0.001837755,0.001823338
1.0510813,0.001902737,0.001885892
1.0511928,0.00196904,0.001949526
1.0512228,0.002036726,0.002014274
1.0512738,0.002105788,0.002080168
1.0513295,0.0021762,0.002147241
1.051351,0.002247935,0.002215524
1.0513595,0.002320967,0.002285049
1.0514936,0.002395269,0.002355843
1.0514557,0.002470814,0.002427934
1.0513939,0.002547578,0.002501349
1.0514636,0.002625544,0.002576114
1.0513117,0.002704694,0.002652257
1.0513059,0.002785011,0.002729805
1.0513808,0.002866476,0.002808759
1.0512903,0.002949074,0.002889074
1.051228,0.003032787,0.002970696
1.0511543,0.003117621,0.003053573
1.0511551,0.003203607,0.003137652
1.0511136,0.003290779,0.00322288
1.0511526,0.003379169,0.003309206
1.0510597,0.003468811,0.003396612
1.0509657,0.003559738,0.003485134
1.0509433,0.003651986,0.003574808
1.0509826,0.003745629,0.003665673
1.0509236,0.003840772,0.003757767
1.0508543,0.003937523,0.003851127
1.0508264,0.004035988,0.003945794
1.0508155,0.004136273,0.004041835
1.0506955,0.004238484,0.00413934
1.0506592,0.004342705,0.004238399
1.0506053,0.004448837,0.004339104
1.0505065,0.004556705,0.004441546
1.0504925,0.004666135,0.004545814
1.0506116,0.004776949,0.004651981
1.0506102,0.004888971,0.004759995
1.0507165,0.005002027,0.004869767
1.0508358,0.005116002,0.004981203
1.0508823,0.005231073,0.005094212
1.0508852,0.0053475,0.005208702
1.0508024,0.005465546,0.005324582
1.0507576,0.00558547,0.005441797
1.0507193,0.005707533,0.005560437
1.0506715,0.005831997,0.00568062
1.0507128,0.005958991,0.005802464
1.0506028,0.006088315,0.005926089
1.0507342,0.006219715,0.006051613
1.0506184,0.006352938,0.006179155
1.0505826,0.006487729,0.00630879
1.0505397,0.006623835,0.006440481
1.050531,0.006761009,0.006574173
1.0505806,0.006899225,0.006709813
1.0505487,0.007038772,0.006847346
1.0504653,0.007179959,0.006986717
1.0503932,0.007323098,0.007127873
1.05038,0.007468498,0.0072708
1.050285,0.007616471,0.00741555
1.0501959,0.007767297,0.00756218
1.0501931,0.007920947,0.007710748
1.050157,0.008077206,0.007861312
1.050037,0.008235855,0.00801393
1.0500177,0.008396675,0.008168661
1.0499753,0.008559447,0.008325589
1.049896,0.008723952,0.008484815
1.049819,0.008890039,0.008646439
1.0498016,0.009057867,0.008810562
1.0497251,0.00922768,0.008977284
1.0498203,0.009399724,0.009146708
1.0498835,0.009574243,0.009318909
1.0497988,0.009751482,0.009493801
1.0498223,0.009931686,0.009671226
1.0499278,0.010114973,0.009851026
1.0498631,0.0103012,0.010033042
1.049812,0.010490189,0.010217117
1.0497255,0.010681761,0.010403092
1.0497739,0.010875739,0.0105909
1.0497221,0.011071945,0.010780773
1.0496953,0.011270212,0.010972999
1.0496985,0.011470611,0.011167869
1.0496428,0.011673454,0.011365672
1.0496587,0.011879064,0.011566699
1.0495812,0.012087765,0.011771235
1.0495633,0.012299879,0.011979406
1.0495743,0.012515729,0.012191137
1.0495303,0.012735611,0.012406339
1.0495294,0.012959589,0.012624924
1.049376,0.013187617,0.012846803
1.0494033,0.013419648,0.013071887
1.0493174,0.013655633,0.013300101
1.0493226,0.013895526,0.013531517
1.0493145,0.014139278,0.013766302
1.0492843,0.014386872,0.014004627
1.0492513,0.014638378,0.01424666
1.0491716,0.014893881,0.014492571
1.0491543,0.015153467,0.01474253
1.0491186,0.015417221,0.014996699
1.0490971,0.015685228,0.01525521
1.0490686,0.015957575,0.015518187
1.0490334,0.016234406,0.015785757
1.0489841,0.01651595,0.016058043
1.0489548,0.016802444,0.016335171
1.0489436,0.017094125,0.016617266
1.0489278,0.01739123,0.016904509
1.0489017,0.017693996,0.017197167
1.0489489,0.01800266,0.017495517
1.0488739,0.018317463,0.017799834
1.0475876,0.018638644,0.018110395
1.048721,0.018966446,0.018427475
1.0487059,0.01930111,0.018751341
1.0487355,0.019642878,0.019082105
1.0487458,0.01999199,0.019419752
1.04869,0.020348708,0.019764263
1.0486993,0.020713384,0.020115619
1.0486858,0.02108639,0.020473801
1.0486771,0.0214681,0.02083879
1.0485829,0.021858885,0.021210655
1.0485748,0.022259118,0.021589927
1.0485671,0.022669175,0.021977294
1.0485299,0.02308953,0.022373444
1.0485473,0.023520834,0.022779064
1.0485287,0.02396376,0.023194842
1.0484304,0.024418978,0.023621466
1.0483612,0.024887159,0.024059692
1.0482334,0.025368973,0.024510406
1.0482658,0.025865092,0.024974511
1.0481647,0.026376193,0.025452911
1.0481141,0.026902954,0.025946509
1.0481522,0.027446057,0.026456207
1.0480856,0.028006181,0.026982904
1.0480608,0.028584007,0.027527389
1.04795,0.029180216,0.028090338
1.047959,0.029795738,0.028672427
1.0479201,0.030432702,0.029274327
1.0478992,0.031093582,0.029896712
1.0478472,0.031780859,0.030540254
1.0478016,0.032497008,0.03120583
1.0478054,0.033244508,0.031895661
1.0477358,0.03402584,0.03261252
1.0478411,0.034843867,0.033359183
1.0478247,0.035702176,0.034138422
1.0477878,0.036604431,0.034953014
1.0477704,0.037554298,0.035805733
1.0477313,0.038555443,0.036699622
1.0477083,0.03961153,0.037638367
1.0476661,0.040726406,0.038625749
1.0475991,0.041905792,0.039665552
1.0476289,0.043156529,0.040761557
1.0474864,0.044485473,0.041917547
1.0474286,0.045899477,0.04313907
1.0474037,0.047406451,0.044436534
1.0474248,0.049020205,0.045821181
1.0473874,0.050756612,0.047304254
1.0473595,0.052631565,0.048897166
1.0472738,0.054663925,0.050613791
1.047219,0.056878681,0.052469835
1.0471228,0.059301519,0.054481038
1.0471765,0.061955742,0.056660473
1.0471331,0.064861481,0.059015471
1.0471008,0.068037852,0.061553794
1.047153,0.071501955,0.064304399
1.0472065,0.075283743,0.067314392
1.0471981,0.07943418,0.070618177
1.0471665,0.083964652,0.074230133
1.0471779,0.088868938,0.078186607
1.0470972,0.094182092,0.082541861
1.0470258,0.100007521,0.087321047
1.0470911,0.10637108,0.092530937
1.0469804,0.113136569,0.098177078
1.0468829,0.120243165,0.10426765
1.0467885,0.127667924,0.110783337
1.0467585,0.135441012,0.117711621
1.0466948,0.143529484,0.125056685
1.0466418,0.151948832,0.132752601
1.0466645,0.160609718,0.140781931
1.0466207,0.16943639,0.149206952
1.0465426,0.178508702,0.157931681
1.0464661,0.187762255,0.166877371
1.0464379,0.197111552,0.176038787
1.0464036,0.206532625,0.185420645
1.0464083,0.215961422,0.19485229
1.0463518,0.225199615,0.204320385
1.0462804,0.234344097,0.213891866
1.0463246,0.24356128,0.223461293
1.0462722,0.252809317,0.23298071
1.0461147,0.261976785,0.24248606
1.046109,0.271037192,0.251925585
1.0462077,0.2800066,0.261324569
1.0461735,0.288849746,0.270685101
1.046108,0.297512761,0.279917469
1.0460227,0.306096576,0.288892859
1.0459464,0.314572539,0.297755105
1.0459404,0.322919291,0.306545659
1.0459309,0.331131357,0.315188822
1.0459707,0.339248946,0.323686297
1.0459791,0.347304059,0.33208755
1.0460364,0.35523596,0.340353846
1.0460052,0.363015627,0.348514791
1.046087,0.37065131,0.356595984
1.0459912,0.37820343,0.364547358
1.0459381,0.385759263,0.372332363
1.0458915,0.393257752,0.380002131
1.0458767,0.400633577,0.387596597
1.0458478,0.407931474,0.395184461
1.0457596,0.415160183,0.4027242
1.0456491,0.42234204,0.410168126
1.0456793,0.429414051,0.417523041
1.0455246,0.436357335,0.424788109
1.0455296,0.443231102,0.431988729
1.0454201,0.450092808,0.439125767
1.0453374,0.456962375,0.44616068
1.0453856,0.463795326,0.453175517
1.0452702,0.47054779,0.460211982
1.0452104,0.477258766,0.467246069
1.0450945,0.483920444,0.474236366
1.0451033,0.490575032,0.481103992
1.045157,0.497235729,0.48788259
1.0451522,0.503857203,0.494675807
1.0451345,0.510409463,0.501469814
1.0450536,0.516927943,0.508231376
1.0449672,0.523433752,0.514958922
1.0449251,0.529866736,0.521625967
1.0448649,0.536278902,0.528238718
1.0448529,0.542743009,0.53484033
1.0447874,0.549187234,0.541382369
1.0447578,0.5554847,0.54781317
1.0447617,0.561614334,0.554143642
1.044662,0.567676514,0.560393378
1.0446839,0.573695858,0.566596167
1.0446787,0.57972353,0.572773776
1.0446945,0.585716536,0.578923632
1.0446353,0.591563714,0.585001559
1.0446241,0.59727323,0.590993899
1.044662,0.602953515,0.596906262
1.044662,0.608583721,0.602691694
1.0446376,0.614137093,0.608379679
1.0446624,0.619563565,0.614033824
1.0446585,0.624906913,0.619612096
1.0445675,0.630187673,0.625052932
1.044481,0.635396522,0.630385182
1.0444118,0.640525309,0.635663414
1.044346,0.645527241,0.640918622
1.0443231,0.650423423,0.646123167
1.044327,0.655292694,0.651264475
1.0442157,0.660159641,0.656330524
1.0441365,0.665003734,0.661301474
1.0440575,0.669796968,0.666168449
1.0440911,0.674461629,0.670940153
1.0440954,0.678997867,0.675639672
1.044103,0.683446711,0.680267827
1.0440165,0.687845702,0.684826763
1.0439787,0.6922051,0.689338666
1.0439335,0.696499083,0.693774109
1.0438061,0.700706486,0.698147291
1.0437967,0.704839375,0.702492573
1.0437455,0.708908436,0.706794426
1.0437199,0.712924136,0.711024057
1.0436351,0.716899597,0.715181288
1.0435952,0.720852563,0.719302385
1.0436023,0.724768293,0.723396618
1.0435482,0.728586269,0.727435492
1.0435121,0.732337721,0.731368879
1.0435088,0.736073391,0.735212868
1.0435226,0.739762715,0.739000611
1.0434358,0.743369445,0.742756009
1.043352,0.746873849,0.746483533
1.0433862,0.750305844,0.750178335
1.043273,0.753711764,0.753839162
1.0433583,0.757117272,0.757444237
1.0432227,0.760514192,0.760953032
1.0432777,0.763830936,0.764396455
1.0432428,0.767043856,0.767828897
1.0432175,0.770197921,0.771229208
1.0431278,0.773315912,0.774567224
1.0430866,0.776393673,0.777848263
1.0429617,0.779430568,0.781079631
1.0429505,0.782430173,0.784263238
1.0429121,0.785393207,0.78741053
1.0427953,0.788317587,0.790544424
1.0428203,0.791204959,0.793658848
1.042791,0.794061204,0.796716534
1.0428236,0.796883795,0.799709275
1.042784,0.799656078,0.802658169
1.0427347,0.80236804,0.805574168
1.0426857,0.805030796,0.808455023
1.0427036,0.807656793,0.81129623
1.0427215,0.810245343,0.814091048
1.0426577,0.812791004,0.816837447
1.0425628,0.815293664,0.819544984
1.0425408,0.817758567,0.822223466
1.0424874,0.820189471,0.824875671
1.0424827,0.822583979,0.827501654
1.0424609,0.82493843,0.830093843
1.0423763,0.827251926,0.832639311
1.0423037,0.829526399,0.835133982
1.0423247,0.831763902,0.837590606
1.0422521,0.833966463,0.840021302
1.0409606,0.836136096,0.842417773
1.0421381,0.838273722,0.844761796
1.0420839,0.840376457,0.847046699
1.0420001,0.842440598,0.849288602
1.0419712,0.844464939,0.851505773
1.0419943,0.84645499,0.853704781
1.0419234,0.848417382,0.85588047
1.0417747,0.850356839,0.858027691
1.0417515,0.852271754,0.860145936
1.0416826,0.85415921,0.862237121
1.0416074,0.856016918,0.864302213
1.0416206,0.857846245,0.866335403
1.0414914,0.859649871,0.868328001
1.0414506,0.86143031,0.870272729
1.0413899,0.863186269,0.872172813
1.0413588,0.864912664,0.874036172
1.0412554,0.866604248,0.875870633
1.0412338,0.868257383,0.877682005
1.0412689,0.869875662,0.879474366
1.0411782,0.87146471,0.881251726
1.0411032,0.873030149,0.883015207
1.0410565,0.874576466,0.884758657
1.0410365,0.876105388,0.886474795
1.0410293,0.877618228,0.888156948
1.0409782,0.879116294,0.88980629
1.0409788,0.88059956,0.891429466
1.0409158,0.882064769,0.893033234
1.0408148,0.883508185,0.894623044
1.0407237,0.884926074,0.896196716
1.0406568,0.886315767,0.897749308
1.040589,0.88767977,0.89927587
1.0405757,0.889022152,0.900772697
1.040598,0.890346981,0.902241992
1.040583,0.891658248,0.903687723
1.0405258,0.892956848,0.905113858
1.0404015,0.894239691,0.906523927
1.0403484,0.895503423,0.907917568
1.0402584,0.89674469,0.909292365
1.040179,0.897960351,0.910645883
1.0401766,0.899151163,0.911975701
1.0400912,0.900321278,0.913280857
1.0400019,0.901474962,0.914563112
1.0398667,0.902616481,0.915824528
1.0398426,0.903750068,0.917067169
1.0397891,0.904877247,0.918293077
1.0397621,0.905994842,0.919503738
1.0397673,0.907099205,0.92070002
1.0398219,0.90818669,0.921882758
1.0397563,0.909253649,0.923052785
1.0397549,0.910296849,0.924210924
1.0396661,0.911317357,0.925357196
1.0396727,0.91231879,0.926490281
1.0395995,0.9133048,0.927608735
1.0395933,0.914279038,0.928711114
1.0395442,0.915245154,0.929795975
1.0394487,0.916206605,0.930862157
1.0394893,0.917163635,0.93191042
1.0395336,0.918113854,0.932942322
1.0394338,0.919054792,0.933959425
1.0395204,0.919983983,0.934963289
1.039513,0.920898956,0.935955475
1.0395423,0.921797244,0.936937288
1.0394253,0.922677137,0.937908558
1.0393405,0.923540034,0.938868581
1.0392427,0.924388134,0.939816655
1.0392523,0.925223636,0.940752075
1.0391874,0.926048739,0.94167414
1.0390673,0.926865642,0.942582167
1.0390826,0.927676525,0.943476195
1.0391134,0.928482439,0.944357126
1.0390642,0.929282655,0.945225916
1.0389737,0.930076285,0.94608352
1.0389522,0.930862445,0.946930893
1.0388381,0.931640246,0.94776899
1.038782,0.932408804,0.94859862
1.0385771,0.933167302,0.949419274
1.038532,0.933915767,0.950229745
1.0371765,0.93465479,0.951028818
1.0382333,0.935384972,0.951815282
1.0382152,0.936106911,0.952587922
1.0381186,0.93682121,0.953345526
1.0382189,0.937528467,0.954087506
1.0383171,0.938229208,0.954815349
1.0383121,0.938923638,0.955530962
1.0382937,0.939611875,0.956236258
1.0382946,0.940294038,0.956933146
1.0383391,0.940970246,0.957623536
1.0383613,0.941640618,0.958309312
1.0383145,0.942305268,0.958991158
1.0382397,0.942964047,0.959668098
1.0382212,0.943616365,0.960339033
1.03828,0.944261586,0.961002865
1.0382785,0.944899077,0.961658495
1.0382307,0.945528202,0.962304825
1.0382323,0.946148329,0.962940859
1.038177,0.946758911,0.963566665
1.0381389,0.94736054,0.964182942
1.0381581,0.94795459,0.964790398
1.0380985,0.948542453,0.96538974
1.0379032,0.949125519,0.965981675
1.0379546,0.949705181,0.966566912
1.0378716,0.950282828,0.967146016
1.0376979,0.950859462,0.967718982
1.03768,0.951434326,0.968285654
1.0375344,0.952006167,0.968845879
1.0374496,0.952573733,0.969399501
1.0373961,0.95313577,0.969946368
1.0371991,0.953691025,0.970486326
1.0370371,0.954238256,0.971019446
1.0369288,0.954777069,0.971546159
1.0368629,0.955308541,0.97206693
1.0367806,0.955833895,0.972582226
1.036756,0.956354355,0.973092511
1.0365028,0.956871144,0.973598251
1.0365349,0.957385485,0.974099875
1.0364292,0.957898524,0.974597314
1.036436,0.958410272,0.975090139
1.0365776,0.958919891,0.975577914
1.0365659,0.959426519,0.976060202
1.0365613,0.959929297,0.976536566
1.036533,0.960427364,0.977006572
1.036546,0.960919858,0.977469981
1.0364852,0.961406122,0.977927451
1.0365334,0.961886462,0.978379889
1.0365598,0.962361475,0.978828201
1.0365043,0.962831758,0.979273297
1.0366498,0.963297906,0.979716083
1.0367659,0.963760518,0.980157457
1.036751,0.964220187,0.98059763
1.0367689,0.964677325,0.981035633
1.0368155,0.965131998,0.981470386
1.0366702,0.965584235,0.981900806
1.0365981,0.966034063,0.982325811
1.0366343,0.966481513,0.982744318
1.0365555,0.966926613,0.983155325
1.0365336,0.96736937,0.983558873
1.036392,0.967809426,0.983955745
1.0363234,0.968246103,0.984346738
1.0362908,0.968678714,0.984732653
1.0361267,0.969106573,0.985114286
1.0361005,0.969528993,0.985492437
1.0359331,0.969945285,0.985867822
1.03588,0.970354983,0.986240713
1.0358068,0.970758967,0.986611234
1.0357925,0.971158632,0.986979511
1.0356452,0.971555373,0.987345669
1.0355209,0.971950585,0.987709831
1.0353787,0.972345664,0.988072123
1.0352824,0.972742001,0.988432517
1.0351453,0.973140252,0.988790681
1.0350676,0.973539406,0.989146244
1.035027,0.973938225,0.989498837
1.0350136,0.97433547,0.989848089
1.0349687,0.974729902,0.990193631
1.0337447,0.975120282,0.990535119
1.0349512,0.975505403,0.990872693
1.0348333,0.975884863,0.991206918
1.0348302,0.976259087,0.991538371
1.0348462,0.97662854,0.991867631
1.0349251,0.976993684,0.992195276
1.0348498,0.977354985,0.992521886
1.0349033,0.977712906,0.992847906
1.034834,0.978067905,0.993173001
1.0347919,0.978420396,0.993496549
1.0346886,0.978770773,0.993817927
1.0346413,0.979119428,0.994136511
1.0345213,0.979466756,0.99445168
1.0345024,0.979813149,0.994762811
1.0344871,0.980159001,0.995069481
1.0343207,0.980504516,0.995371828
1.034169,0.980849367,0.995670085
1.0340202,0.98119313,0.995964485
1.03408,0.981535383,0.99625526
1.0339134,0.981875703,0.996542644
1.0337766,0.982213665,0.996826871
1.0336887,0.982548853,0.997108234
1.0336385,0.98288096,0.997387089
1.0336438,0.983209813,0.997663798
1.0335466,0.983535248,0.997938721
1.0334878,0.983857099,0.998212219
1.0334224,0.9841752,0.998484652
1.0333835,0.984489385,0.998756366
1.0332961,0.984799544,0.999027577
1.0332175,0.985106185,0.999298443
1.0331272,0.985410208,0.999569121
1.0330735,0.985712517,0.999839767
1.0330155,0.986014018,1.000110539
1.0330359,0.986315616,1.000381592
1.0329647,0.986618218,1.000652868
1.032934,0.98692246,1.00092346
1.0328512,0.987227698,1.001192251
1.0327555,0.9875329,1.001458128
1.0327597,0.987837038,1.001719975
1.0327587,0.988139083,1.001976676
1.0327265,0.988438005,1.002227125
1.0327297,0.988732778,1.002471013
1.0326227,0.989022912,1.002709551
1.0326824,0.989308955,1.002944122
1.0326464,0.989591575,1.003176107
1.0325994,0.989871441,1.003406887
1.03257,0.990149221,1.003637844
1.0324867,0.990425583,1.003870283
1.0324804,0.990701176,1.004104348
1.0324035,0.990976206,1.004339286
1.0323417,0.991250456,1.004574323
1.032285,0.991523695,1.004808682
1.0322436,0.99179569,1.005041588
1.0321743,0.992066208,1.005272265
1.0321631,0.992335016,1.00550004
1.0320629,0.99260189,1.005724829
1.0320343,0.992866662,1.005946758
1.0320256,0.99312919,1.006165952
1.0319343,0.993389329,1.006382539
1.0318315,0.993646936,1.006596642
1.0318521,0.993901867,1.006808389
1.0317426,0.99415398,1.007017919
1.0316066,0.994403332,1.007225418
1.0315382,0.994650512,1.007431076
1.0313703,0.994896197,1.007635087
1.0312965,0.995141066,1.007837643
1.0312171,0.995385794,1.008038935
1.0310503,0.995631059,1.008239156
1.0311021,0.995877512,1.008438475
1.0309707,0.996125022,1.008637037
1.0309296,0.996372574,1.008834985
1.0309302,0.996619103,1.009032463
1.0308303,0.996863545,1.009229612
1.0307988,0.997104836,1.009426577
1.0306748,0.997341911,1.009623466
1.0307182,0.997573883,1.009820101
1.0306594,0.997801245,1.010016172
1.030733,0.998025137,1.010211363
1.0306702,0.998246703,1.010405361
1.0306683,0.998467087,1.010597853
1.0306073,0.998687433,1.010788525
1.03058,0.998908884,1.010977139
1.0305346,0.999132193,1.011163695
1.0304801,0.999356694,1.011348233
1.0304379,0.999581399,1.011530795
1.0303391,0.999805323,1.011711423
1.030332,1.000027478,1.011890158
1.0301967,1.000246877,1.012067042
1.0301814,1.000462546,1.012242123
1.0300944,1.000674147,1.012415456
1.0299776,1.00088229,1.012587097
1.0298594,1.001087661,1.012757104
1.0297375,1.001290947,1.012925532
1.0296848,1.001492834,1.013092437
1.0295999,1.00169401,1.013257888
1.0294458,1.001895124,1.01342207
1.0293763,1.002096301,1.01358524
1.0292301,1.002297268,1.013747657
1.0291126,1.002497744,1.013909579
1.0289708,1.002697446,1.014071265
1.0288959,1.002896093,1.014232973
1.0288279,1.003093403,1.014394855
1.0288386,1.00328916,1.01455665
1.0287161,1.003483508,1.014717995
1.0286475,1.003676717,1.014878529
1.0286523,1.003869055,1.015037889
1.0286738,1.004060792,1.015195715
1.0286613,1.004252197,1.015351646
1.0286146,1.004443538,1.01550548
1.028603,1.004634905,1.015657317
1.0285937,1.004825986,1.015807286
1.0285741,1.005016417,1.01595552
1.0284855,1.005205831,1.016102149
1.0284504,1.005393864,1.016247306
1.0284169,1.005580149,1.016391126
1.0284607,1.005764328,1.016533848
1.0284244,1.005946246,1.016675802
1.0283698,1.006125967,1.016817318
1.0283017,1.006303565,1.016958727
1.0283003,1.006479117,1.017100361
1.0282297,1.006652696,1.01724255
1.0281748,1.006824379,1.017385576
1.0280347,1.006994242,1.017529213
1.0279062,1.007162384,1.01767294
1.027791,1.007328922,1.017816233
1.0276424,1.007493968,1.017958566
1.0276319,1.007657639,1.018099417
1.0276242,1.007820049,1.01823826
1.027517,1.007981313,1.018374659
1.0273931,1.008141559,1.018508603
1.0272677,1.008300976,1.018640212
1.0271609,1.008459767,1.018769607
1.0270532,1.008618134,1.018896907
1.0269116,1.008776279,1.019022233
1.0268342,1.008934407,1.019145704
1.0266427,1.009092716,1.019267488
1.0266557,1.009251203,1.019387847
1.026587,1.009409501,1.019507056
1.0264586,1.009567211,1.01962539
1.0264561,1.00972393,1.019743125
1.026448,1.009879256,1.019860534
1.0264626,1.01003279,1.019977892
1.0264156,1.010184156,1.020095348
1.0263715,1.010333388,1.020212896
1.0263449,1.01048084,1.020330519
1.026269,1.010626873,1.020448198
1.0262661,1.010771848,1.020565917
1.0261644,1.010916129,1.020683658
1.0261168,1.011060077,1.020801367
1.0260584,1.011203972,1.020918649
1.0260094,1.011347653,1.021034914
1.0260046,1.011490806,1.021149572
1.0259695,1.011633118,1.02126203
1.0259411,1.011774273,1.021371698
1.025898,1.011913959,1.021477984
1.0258402,1.012051861,1.021580485
1.0257891,1.012187875,1.021679932
1.0257609,1.012322501,1.021777484
1.025663,1.012456352,1.0218743
1.0255886,1.012590042,1.021971541
1.0255809,1.012724183,1.022070364
1.0255224,1.012859387,1.022171928
1.0254449,1.012996252,1.022276819
1.0252969,1.013134703,1.022384275
1.0252699,1.013273753,1.022493333
1.025156,1.01341235,1.022603033
1.0251051,1.013549442,1.022712416
1.0250961,1.013683978,1.02282052
1.0250121,1.013814905,1.022926402
1.0248729,1.013941286,1.023029669
1.0248183,1.014063299,1.02313057
1.0247746,1.01418175,1.023229389
1.0247884,1.014297453,1.023326412
1.0246379,1.01441122,1.023421923
1.0246047,1.014523865,1.023516207
1.0245768,1.014636202,1.023609538
1.0244119,1.014748917,1.023702062
1.0242696,1.014862168,1.023793861
1.0241337,1.014975972,1.023885013
1.0240964,1.015090346,1.023975597
1.0239893,1.015205307,1.024065694
1.0238781,1.015320871,1.024155381
1.0238478,1.015437056,1.02424471
1.0238019,1.015553732,1.024333569
1.0237211,1.015670393,1.0244218
1.0236617,1.015786475,1.02450924
1.0236336,1.015901416,1.024595728
1.0234998,1.016014649,1.024681103
1.0234709,1.016125612,1.024765204
1.0233659,1.016233754,1.024847893
1.0233372,1.016339012,1.024929122
1.0232006,1.016441906,1.025008869
1.0231189,1.016542991,1.025087107
1.0230423,1.016642821,1.025163814
1.0229225,1.016741953,1.025238966
1.0227666,1.01684094,1.025312537
1.0227325,1.016940322,1.025384634
1.0226969,1.017040374,1.025455891
1.0226026,1.017141154,1.025527077
1.0225302,1.01724271,1.025598962
1.0224704,1.017345093,1.025672315
1.0223863,1.017448352,1.025747906
1.0222735,1.017552538,1.025826498
1.0222424,1.017657652,1.02590824
1.0222085,1.017763243,1.025992124
1.0222721,1.017868602,1.026077018
1.0222446,1.017973019,1.026161785
1.0222025,1.018075785,1.026245292
1.022239,1.018176189,1.026326405
1.0222609,1.018273521,1.026403998
1.0221949,1.018367308,1.026477571
1.0222036,1.018458028,1.026547592
1.0221426,1.018546396,1.026614617
1.0219623,1.018633127,1.026679198
1.0217947,1.018718936,1.02674189
1.0215142,1.018804538,1.026803248
1.0213867,1.018890646,1.026863824
1.0212406,1.018977696,1.02692412
1.021204,1.019065542,1.026984549
1.0210277,1.019153961,1.027045514
1.020965,1.01924273,1.027107419
1.0208234,1.019331628,1.027170666
1.0208101,1.019420432,1.027235659
1.0206647,1.019508917,1.027302784
1.0206341,1.019596761,1.027371909
1.0205894,1.019683536,1.027442307
1.0204661,1.019768813,1.027513219
1.0204307,1.019852159,1.027583883
1.0203389,1.019933144,1.027653541
1.0202256,1.020011336,1.027721432
1.0201771,1.020086395,1.027786847
1.0200747,1.020158921,1.0278498
1.0200189,1.020230065,1.027910828
1.019876,1.020300987,1.027970479
1.0198022,1.020372844,1.028029305
1.0185009,1.020446795,1.028087853
1.0196117,1.020523999,1.028146673
1.0195639,1.020605362,1.028206271
1.0195075,1.020690255,1.028266593
1.0193939,1.020777464,1.028327193
1.0193754,1.020865776,1.028387616
1.0192289,1.020953979,1.02844741
1.0191523,1.021040859,1.02850612
1.0190582,1.021125203,1.028563293
1.0189914,1.021206222,1.028618536
1.0188228,1.021284264,1.028671889
1.0188123,1.021359873,1.02872358
1.0186641,1.02143359,1.028773839
1.0185857,1.021505956,1.028822894
1.0185038,1.021577512,1.028870974
1.0183699,1.021648796,1.028918309
1.0182494,1.021719991,1.028965126
1.0181396,1.021790707,1.029011654
1.0180805,1.021860501,1.029058119
1.0180589,1.021928931,1.029104748
1.0179206,1.021995555,1.029151769
1.017926,1.022059931,1.029199408
1.0178221,1.022121629,1.029247892
1.0177083,1.022180838,1.029297341
1.0176033,1.022238671,1.029347321
1.0174773,1.022296309,1.029397228
1.0173101,1.022354936,1.029446455
1.0171561,1.022415736,1.029494396
1.0169734,1.022479893,1.029540447
1.0169179,1.022548538,1.029584001
1.0167716,1.022621575,1.029624767
1.0166506,1.022697635,1.029663512
1.0165262,1.022775294,1.029701222
1.0164,1.022853126,1.029738886
1.0162957,1.022929706,1.029777493
1.0161403,1.023003608,1.029818028
1.0160249,1.023073483,1.029861481
1.0158019,1.02313923,1.029908392
1.0155929,1.023201761,1.029957806
1.0155156,1.023262022,1.030008458
1.0141782,1.023320954,1.030059082
1.0152998,1.023379502,1.030108411
1.0152334,1.023438608,1.030155181
1.0151179,1.023499128,1.030198137
1.0149856,1.023561068,1.030236922
1.0149118,1.023623965,1.03027265
1.0147454,1.023687349,1.030306572
1.0145782,1.023750753,1.030339939
1.0145547,1.023813707,1.030374003
1.0144132,1.023875743,1.030410015
1.0142865,1.023936525,1.030449187
1.0141532,1.023996226,1.030491642
1.0139785,1.024055141,1.030536284
1.0138744,1.024113563,1.030581954
1.0137008,1.024171787,1.030627492
1.0135989,1.024230109,1.03067174
1.0135202,1.024288821,1.030713537
1.013414,1.024348115,1.030751827
1.013276,1.024407851,1.030786781
1.0131962,1.024467819,1.030819377
1.0130957,1.02452781,1.030850609
1.0129534,1.024587615,1.030881469
1.0128483,1.024647025,1.03091295
1.0127448,1.024705831,1.030946045
1.0125717,1.024763852,1.030981591
1.0125045,1.024821045,1.03101938
1.0123792,1.02487741,1.031058771
1.0122166,1.024932944,1.031099123
1.0120684,1.024987648,1.031139794
1.0118883,1.025041519,1.031180143
1.0117941,1.025094557,1.031219527
1.0116634,1.02514678,1.031257346
1.0114321,1.02519833,1.031293503
1.0113205,1.025249405,1.031328258
1.0111907,1.025300203,1.031361876
1.0110077,1.02535092,1.031394622
1.0109036,1.025401755,1.031426761
1.0107936,1.025452903,1.03145856
1.0105859,1.025504581,1.031490275
1.0104202,1.025557098,1.031522061
1.0090569,1.025610794,1.031553997
1.0101144,1.025666006,1.031586161
1.0099068,1.025723073,1.031618628
1.0097334,1.025782334,1.031651475
1.0095459,1.025844126,1.031684781
1.0094327,1.025908385,1.031718604
1.0092138,1.025974165,1.031752714
1.0090765,1.026040405,1.031786641
1.0088159,1.026106046,1.031819911
1.0087348,1.026170025,1.031852047
1.0085315,1.026231282,1.031882573
1.0083843,1.026288761,1.031911014
1.0082252,1.026342051,1.031936936
1.0079665,1.026392032,1.031960508
1.0078821,1.026439735,1.031982346
1.0077034,1.026486191,1.032003074
1.0074768,1.026532431,1.032023317
1.0073363,1.026579487,1.032043702
1.0071633,1.026628372,1.032064853
1.0069498,1.026679556,1.032087387
1.0068095,1.026732873,1.032111612
1.0066193,1.026788123,1.032137438
1.0064729,1.026845104,1.032164749
1.006264,1.026903618,1.032193428
1.0060753,1.026963461,1.03222336
1.0057943,1.027024425,1.032254427
1.0056137,1.027086057,1.032286515
1.0053669,1.027147672,1.032319502
1.005131,1.027208573,1.032353131
1.0049121,1.027268064,1.032386966
1.0046659,1.027325448,1.03242056
1.0044572,1.027380029,1.032453467
1.0041612,1.027431282,1.03248524
1.0039047,1.027479914,1.032515431
1.0037646,1.027527176,1.032543596
1.0035077,1.027574318,1.032569312
1.0033337,1.027622593,1.032592748
1.0030878,1.027673251,1.032614655
1.0027965,1.027727543,1.032635808
1.002588,1.027786192,1.032656981
1.0023776,1.027848273,1.032678951
1.0020374,1.027912539,1.032702491
1.0018055,1.027977745,1.032728326
1.0015678,1.028042645,1.032756387
1.0012698,1.028105993,1.032785998
1.0010887,1.028166552,1.032816466
1.0008359,1.028223747,1.032847096
1.0005733,1.028278105,1.032877197
1.0002978,1.028330252,1.032906073
1.0000542,1.028380819,1.032933032
0.99981678,1.028430434,1.032957549
0.99960971,1.028479726,1.032979919
0.99935079,1.028529294,1.03300069
0.99908286,1.028579344,1.033020408
0.99886197,1.028629798,1.033039619
0.99864268,1.028680575,1.033058872
0.99847233,1.028731591,1.033078713
0.99811828,1.028782764,1.033099658
0.99786943,1.028834013,1.033121812
0.99770325,1.028885262,1.033144982
0.99735266,1.028936514,1.033168969
0.99713147,1.02898781,1.033193571
0.99681717,1.029039193,1.033218589
0.99657232,1.029090704,1.033243824
0.99624014,1.029142387,1.033269075
0.99588126,1.029194283,1.033294155
0.9955169,1.029246415,1.033319006
0.99524802,1.029298669,1.033343645
0.9949283,1.029350873,1.033368089
0.99459642,1.029402853,1.033392358
0.99430954,1.029454437,1.033416467
0.99396133,1.029505451,1.033440436
0.99352211,1.029555722,1.033464282
0.9932037,1.029605103,1.033488028
0.99285877,1.029653776,1.033511726
0.99241018,1.029702139,1.033535439
0.99213392,1.029750597,1.033559228
0.99177635,1.029799553,1.033583157
0.99147975,1.029849412,1.033607287
0.99108887,1.029900577,1.033631681
0.99081135,1.029953371,1.033656352
0.99054354,1.030007477,1.033681139
0.9900775,1.030062286,1.033705841
0.98981535,1.030117184,1.033730258
0.98950851,1.03017156,1.033754189
0.989106,1.030224801,1.033777434
0.98875546,1.030276295,1.033799791
0.98840088,1.030325483,1.033821114
0.98809284,1.030372288,1.033841469
0.98778498,1.030416879,1.033860978
0.98741984,1.030459427,1.033879761
0.98706436,1.030500103,1.033897938
0.98677999,1.030539078,1.033915632
0.98647302,1.030576525,1.033932962
0.9860999,1.030612655,1.03395005
0.98588085,1.030647984,1.033967022
0.9853546,1.030683171,1.033984024
0.98503363,1.030718874,1.034001205
0.98450065,1.030755754,1.034018714
0.98408484,1.030794467,1.034036701
0.98367971,1.030835675,1.034055314
0.98332632,1.030880002,1.034074702
0.98276556,1.030927314,1.034094985
0.98232788,1.030976694,1.034115969
0.98185265,1.031027192,1.034137276
0.98137283,1.031077856,1.034158524
0.98092258,1.031127735,1.034179331
0.98047256,1.031175879,1.034199314
0.98003614,1.031221398,1.034218094
0.97954851,1.031264309,1.034235287
0.97921509,1.031305338,1.034250678
0.97864288,1.031345223,1.034264581
0.97814929,1.031384707,1.034277416
0.97759932,1.03142453,1.034289602
0.97708207,1.031465432,1.034301561
0.97654963,1.031507989,1.03431371
0.97607338,1.031551788,1.034326472
0.97553807,1.031596049,1.034340263
0.97499013,1.031639993,1.034355405
0.9744845,1.031682843,1.034372053
0.97388208,1.031723819,1.034390346
0.97339052,1.031762142,1.034410423
0.9728626,1.031797165,1.034432423
0.97225964,1.031829357,1.034456485
0.97176898,1.031859752,1.034482747
0.97111666,1.031889386,1.03451134
0.97056609,1.031919297,1.034541931
0.9698807,1.031950521,1.034573468
0.96936208,1.031984097,1.034604838
0.96876931,1.032021003,1.034634931
0.96817178,1.03206105,1.034662632
0.96750683,1.032102965,1.034686831
0.96694171,1.032145432,1.034706514
0.96636981,1.032187135,1.034721878
0.96565521,1.03222676,1.034733937
0.96495956,1.032262991,1.034743717
0.96416414,1.032294808,1.034752248
0.96354872,1.032323005,1.034760557
0.96285033,1.032349056,1.034769672
0.96200985,1.032374436,1.034780621
0.9612416,1.032400623,1.034794421
0.96052939,1.032429092,1.034811387
0.95975769,1.03246132,1.034830723
0.95896822,1.032498437,1.034851533
0.95817661,1.032539628,1.034872922
0.95741379,1.032583402,1.034893995
0.95665711,1.032628265,1.034913855
0.95574987,1.032672725,1.034931621
0.95498061,1.032715288,1.034947006
0.95410436,1.032754463,1.034960553
0.95318824,1.032788835,1.034972865
0.95234376,1.03281837,1.034984546
0.95147932,1.032844179,1.034996199
0.95056641,1.032867413,1.035008427
0.94961041,1.032889218,1.0350218
0.94870752,1.032910743,1.035036519
0.94775844,1.032933138,1.03505256
0.94676965,1.032957551,1.035069898
0.94581336,1.03298473,1.035088507
0.9448874,1.03301421,1.035108363
0.94391638,1.033045296,1.035129438
0.94294703,1.033077292,1.035151707
0.9419325,1.033109503,1.03517504
0.94097406,1.033141233,1.035199015
0.93999273,1.033171789,1.035223158
0.93858039,1.033200765,1.035246997
0.93795133,1.033228322,1.035270057
0.93701136,1.033254686,1.035291867
0.93597347,1.033280082,1.035311954
0.93502212,1.033304737,1.03533007
0.93402594,1.033328876,1.035346436
0.93296826,1.033352727,1.035361334
0.93195814,1.033376496,1.035375045
0.93095738,1.033400253,1.03538785
0.92997479,1.033423999,1.035400031
0.92885256,1.033447737,1.035411869
0.9278174,1.033471468,1.035423644
0.92679036,1.033495195,1.035435639
0.92572123,1.03351892,1.035448135
0.9245894,1.033542645,1.035461413
0.92354941,1.033566372,1.035475755
0.92250109,1.033590103,1.03549144
0.92150909,,
0.92046988,,
0.91945058,,
0.91834027,,
0.91732007,,
0.91634411,,
0.91516489,,
0.91409433,,
0.9129737,,
0.91190583,,
0.91082281,,
0.90982991,,
0.90875298,,
0.90767419,,
0.90676159,,
0.9055258,,
0.90440136,,
0.90336376,,
0.90228105,,
0.90117675,,
0.90013212,,
0.89918214,,
0.89807165,,
0.8968901,,
0.89580041,,
0.89473671,,
0.8936919,,
0.89218199,,
0.8914175,,
0.89026803,,
0.8891713,,
0.88797045,,
0.88675338,,
0.88556314,,
0.88419795,,
0.88307887,,
0.88181669,,
0.88067704,,
0.87968725,,
0.87858087,,
0.87734461,,
0.87605602,,
0.87482053,,
0.87336993,,
0.87208664,,
0.87080157,,
0.86947244,,
0.86814743,,
0.8667351,,
0.86543226,,
0.86399472,,
0.86254692,,
0.86117864,,
0.85975289,,
0.85838443,,
0.85689968,,
0.8555845,,
0.85407495,,
0.85252702,,
0.85097784,,
0.84965211,,
0.84809881,,
0.84651494,,
0.8450563,,
0.84338981,,
0.84192854,,
0.84039348,,
0.83870518,,
0.83711594,,
0.83551812,,
0.83392274,,
0.83108789,,
0.83059442,,
0.82880229,,
0.82718384,,
0.82554603,,
0.82395035,,
0.82228732,,
0.82058614,,
0.81891769,,
0.8171584,,
0.81545299,,
0.81364042,,
0.8118332,,
0.81006581,,
0.80828834,,
0.80665469,,
0.80478352,,
0.80303746,,
0.80118215,,
0.79930717,,
0.79751837,,
0.79573393,,
0.79390842,,
0.79205418,,